CITCS 3C  CCS.1112,,,,PRELIM,,,,,MIDTERM,,,,,,FINALS,,,,,,,,,
,,,,Class Standing,Laboratory,EXAM,SCORE,GRADE (%),Class Standing,Laboratory,EXAM,RAW SCORE,SCORE,GRADE (%),Class Standing,Laboratory,EXAM,RAW SCORE,SCORE,GRADE (%),FINAL GRADE (%),REMARKS,,
NETWORK FUNDAMENTALS,,,,,,,,,,,,,,,,,,,,,,,,
7:30AM-8:55AM   MWF 7:30AM-8:55AM ,,,M307,,,,,,,,,,,,,,,,,,,,,
M307 Trimester SY 2015-2016,,,,,,0-Jan-00,,,,,0-Jan-00,,,,,,0-Jan-00,,,,,,,
Inst/Prof:Leonard Prim Francis G. Reyes,,,,,,,,,,,,,,,,,,,,,,,,
CLASS LIST,,SEX,Course,,,,,,,,,,,,,,,,,,,,,
,,,,33%,33%,34%,,,33%,33%,34%,,,,33%,33%,34%,,,,,,,
1,"ANDAYA, HERREN DALE G. ",M,BSIT-WEB TRACK-2,25.67,,19.64,45.31,74,11.00,2.75,24.48,38.23,41.77,73,,,,,,,,,,
2,"BALLOLA, VINCENT C. ",M,BSIT-WEB TRACK-2,33.00,33.00,30.98,96.98,98,33.00,24.75,29.92,87.67,92.32,96,,,,,,,,,,
3,"BALO, CHASON MARK C. ",M,BSCS-DIGITAL ARTS TRACK-2,31.17,24.75,21.91,77.83,89,29.33,22.00,27.20,78.53,78.18,89,,,,,,,,,,
4,"BENTER, ALYXIE BLENNE P. ",F,BSIT-ERP TRACK-1,12.83,12.38,16.62,41.83,73,22.00,16.50,14.96,53.46,47.65,74,,,,,,,,,,
5,"CABANLONG, LEXBER F. ",M,BSCS-DIGITAL ARTS TRACK-2,23.83,26.81,24.93,75.58,88,18.33,27.50,26.52,72.35,73.97,87,,,,,,,,,,
6,"CAMBOD, HANSEL I. ",M,BSIT-ERP TRACK-2,29.33,28.88,10.58,68.79,84,25.67,24.75,17.68,68.10,68.44,84,,,,,,,,,,
7,"CA�ETE, DINDO JR. C. ",M,BSCS-DIGITAL ARTS TRACK-3,27.50,20.63,21.16,69.28,85,25.67,27.50,23.12,76.29,72.78,86,,,,,,,,,,
8,"CANLAS, JOHN ALBERT G. ",M,BSCS-DIGITAL ARTS TRACK-2,20.17,14.44,22.67,57.27,79,22.00,27.50,19.72,69.22,63.25,82,,,,,,,,,,
9,"CATIMBANG, KYRILLE ARA M. ",F,BSCS-MOBILE TECH TRACK-3,20.17,24.75,20.40,65.32,83,25.67,5.50,26.52,57.69,61.50,81,,,,,,,,,,
10,"DANGATAN, HAROLD B. ",M,BSIT-ERP TRACK-2,18.33,20.63,21.91,60.87,80,11.00,16.50,25.16,52.66,56.76,78,,,,,,,,,,
11,"DOMINGUEZ, ADRIAN JAKE E. ",M,ACT-NET MGMT-1,7.33,6.19,11.33,24.85,72,11.00,19.25,12.24,42.49,33.67,73,,,,,,,,,,
12,"DUCUSIN, CHRISTELLE D. ",F,BSIT-NET SEC TRACK-2,27.50,20.63,12.84,60.97,80,18.33,16.50,14.96,49.79,55.38,78,,,,,,,,,,
13,"DUMPIT, DEAN CLIDE B. ",M,BSCS-DIGITAL ARTS TRACK-2,20.17,10.31,19.64,50.12,75,14.67,,21.76,36.43,43.28,74,,,,,,,,,,
14,"DUNUAN, MARK JR. B. ",M,BSIT-WEB TRACK-2,33.00,26.81,18.13,77.95,89,25.67,8.25,19.04,52.96,65.45,83,,,,,,,,,,
15,"EVANGELISTA, HECTOR III O. ",M,BSCS-DIGITAL ARTS TRACK-2,22.00,14.44,21.16,57.59,79,11.00,,22.44,33.44,45.52,74,,,,,,,,,,
16,"GULENG, GENEVA CRES M. ",F,BSCS-MOBILE TECH TRACK-2,25.67,24.75,16.62,67.04,84,29.33,30.25,18.36,77.94,72.49,86,,,,,,,,,,
17,"JARAPA, JEROME L. ",M,BSCS-DIGITAL ARTS TRACK-3,33.00,28.88,23.42,85.30,93,33.00,16.50,31.28,80.78,83.04,92,,,,,,,,,,
18,"JORDAN, MARK BRYAN R. ",M,BSCS-DIGITAL ARTS TRACK-2,31.17,25.78,20.40,77.35,89,25.67,24.75,28.56,78.98,78.16,89,,,,,,,,,,INSTRUCTOR/PROFESSOR'S SIGNATURE
19,"JUAN, HANNAH FAYE YSABELLE F. ",F,BSCS-DIGITAL ARTS TRACK-3,33.00,33.00,24.18,90.18,95,33.00,30.25,31.96,95.21,92.69,96,,,,,,,,,,
20,"KHO, MARJORIE S. ",F,BSCS-DIGITAL ARTS TRACK-3,33.00,26.81,26.44,86.26,93,25.67,33.00,30.60,89.27,87.76,94,,,,,,,,,,
21,"MALLARE, BRYAN C. ",M,BSIT-WEB TRACK-1,29.33,31.97,18.89,80.19,90,33.00,33.00,29.24,95.24,87.72,94,,,,,,,,,,
22,"MANGILIT, ALVIN JOHN T. ",M,BSIT-ERP TRACK-3,27.50,24.75,19.64,71.89,86,14.67,15.13,15.64,45.43,58.66,79,,,,,,,,,,
23,"MANINGYAO, CLARICE S. ",F,BSCS-DIGITAL ARTS TRACK-3,29.33,20.63,24.93,74.89,87,29.33,30.25,28.56,88.14,81.52,91,,,,,,,,,,
24,"MAPANGDOL, CJ BOY T. ",M,BSCS-DIGITAL ARTS TRACK-2,33.00,33.00,19.64,85.64,93,33.00,30.25,27.88,91.13,88.39,94,,,,,,,,,,
25,"NADAWA, KRIZEL JOY F. ",F,BSCS-DIGITAL ARTS TRACK-2,31.17,28.88,18.13,78.18,89,33.00,26.13,24.48,83.61,80.89,90,,,,,,,,,,
26,"NARCIDA, RAYMART D. ",M,BSIT-WEB TRACK-2,,,,,,,,,,,,,,,,,,,,,
27,"NATIVIDAD, SHERWIN S. ",M,BSCS-DIGITAL ARTS TRACK-3,25.67,26.81,18.89,71.37,86,18.33,6.88,21.08,46.29,58.83,79,,,,,,,,,,
28,"NIEVES, VIRLYN S. ",F,BSIT-NET SEC TRACK-2,31.17,20.63,15.87,67.66,84,33.00,5.50,21.76,60.26,63.96,82,,,,,,,,,,
29,"ORPILLA, JEFFERSON B. ",M,BSIT-NET SEC TRACK-2,33.00,28.88,18.13,80.01,90,25.67,16.50,18.36,60.53,70.27,85,,,,,,,,,,
30,"PASOQUEN, JEROS F. ",M,BSIT-WEB TRACK-1,29.33,16.50,24.93,70.77,85,29.33,8.25,23.12,60.70,65.74,83,,,,,,,,,,
31,"PINLAC, KENNETH A. ",M,ACT-NET MGMT-1,7.33,,12.84,20.18,72,18.33,,13.60,31.93,26.06,72,,,,,,,,,,
32,"PROGRESO, JESZA ETHYLYN M. ",F,BSCS-MOBILE TECH TRACK-2,29.33,22.69,17.38,69.40,85,22.00,16.50,18.36,56.86,63.13,82,,,,,,,,,,
,,,,,,,,,,,,,,,,,,,,,,,,
CITCS 3C  CCS.1112,,,,PRELIM,,,,,MIDTERM,,,,,,FINALS,,,,,,,,,
,,,,Class Standing,Laboratory,EXAM,SCORE,GRADE (%),Class Standing,Laboratory,EXAM,RAW SCORE,SCORE,GRADE (%),Class Standing,Laboratory,EXAM,RAW SCORE,SCORE,GRADE (%),FINAL GRADE (%),REMARKS,,
NETWORK FUNDAMENTALS,,,,,,,,,,,,,,,,,,,,,,,,
7:30AM-8:55AM   MWF 7:30AM-8:55AM ,,,M307,,,,,,,,,,,,,,,,,,,,,
M307 Trimester SY 2015-2016,,,,,,0-Jan-00,,,,,0-Jan-00,,,,,,0-Jan-00,,,,,,,
Inst/Prof:Leonard Prim Francis G. Reyes,,,,,,,,,,,,,,,,,,,,,,,,
CLASS LIST,,SEX,Course,,,,,,,,,,,,,,,,,,,,,
,,,,,,,,,,,,,,,,,,,,,,,,
33,"RAMOS, JUBEL P. ",F,BSCS-DIGITAL ARTS TRACK-3,23.83,28.88,19.64,72.35,86,25.67,27.50,26.52,79.69,76.02,88,,,,,,,,,,
34,"REGALA, JAN YZRAEL A. ",M,BSCS-DIGITAL ARTS TRACK-3,31.17,26.81,25.69,83.67,92,25.67,13.75,25.84,65.26,74.46,87,,,,,,,,,,
35,"RIVERA, PATRICK JACE L. ",M,ACT-NET MGMT-1,27.50,26.81,18.13,72.45,86,22.00,27.50,17.68,67.18,69.81,85,,,,,,,,,,
36,"ROLLE, JOHAN YASSER ",M,BSIT-WEB TRACK-2,25.67,,20.40,46.07,74,14.67,,19.04,33.71,39.89,73,,,,,,,,,,
37,"SAKIWAT, SHAREMANE P. ",F,BSCS-DIGITAL ARTS TRACK-3,31.17,24.75,19.64,75.56,88,22.00,24.75,20.40,67.15,71.36,86,,,,,,,,,,
38,"SERRANO, JERICO B. ",M,BSIT-ERP TRACK-1,27.50,30.94,17.38,75.82,88,29.33,16.50,17.00,62.83,69.32,85,,,,,,,,,,
39,"SORIANO, CLEOFE G. ",F,BSIT-WEB TRACK-1,29.33,25.78,14.36,69.47,85,29.33,31.63,20.40,81.36,75.41,88,,,,,,,,,,
40,"TOMBAGA, PETER GIL M. ",M,BSCS-DIGITAL ARTS TRACK-2,25.67,6.19,24.18,56.03,78,22.00,5.50,20.40,47.90,51.97,76,,,,,,,,,,
41,"VERGARA, THEO IVANN A. ",M,BSIT-WEB TRACK-2,29.33,33.00,28.71,91.04,96,33.00,33.00,28.56,94.56,92.80,96,,,,,,,,,,
42,"ZABAT, SAMUEL HAJIME A. ",M,BSCS-DIGITAL ARTS TRACK-2,25.67,33.00,23.42,82.09,91,33.00,33.00,25.84,91.84,86.96,93,,,,,,,,,,
43,,,,,,,,,,,,,,,,,,,,,,,,
44,,,,,,,,,,,,,,,,,,,,,,,,
45,,,,,,,,,,,,,,,,,,,,,,,,
46,,,,,,,,,,,,,,,,,,,,,,,,
47,,,,,,,,,,,,,,,,,,,,,,,,
48,,,,,,,,,,,,,,,,,,,,,,,,
49,,,,,,,,,,,,,,,,,,,,,,,,INSTRUCTOR/PROFESSOR'S SIGNATURE
50,,,,,,,,,,,,,,,,,,,,,,,,
51,,,,,,,,,,,,,,,,,,,,,,,,
52,,,,,,,,,,,,,,,,,,,,,,,,
53,,,,,,,,,,,,,,,,,,,,,,,,
54,,,,,,,,,,,,,,,,,,,,,,,,
55,,,,,,,,,,,,,,,,,,,,,,,,
56,,,,,,,,,,,,,,,,,,,,,,,,
57,,,,,,,,,,,,,,,,,,,,,,,,
58,,,,,,,,,,,,,,,,,,,,,,,,
59,,,,,,,,,,,,,,,,,,,,,,,,
60,,,,,,,,,,,,,,,,,,,,,,,,
61,,,,,,,,,,,,,,,,,,,,,,,,
62,,,,,,,,,,,,,,,,,,,,,,,,
63,,,,,,,,,,,,,,,,,,,,,,,,
,,,,,,,,,,,,,,,,,,,,,,,,
,,,,,,,,,,,,,,,,,,,,,,,,
,,,,,,,,,,,,,,,,,,,,,,,,
,,,,,,,,,,,,,,,,,,,,,,,,
,,,,,,,,,,,,,,,,,,,,,,,,
,,,,,,,,,,,,,,,,,,,,,,,,
,,,,,,,,,,,,,,,,,,,,,,,,
,,,,,,,,,,,,,,,,,,,,,,,,
,,,,,,,,,,,,,,,,,,,,,,,,
,,,,,,,,,,,,,,,,,,,,,,,,
,,,,,,,,,,,,,,,,,,,,,,,,
,,,,,,,,,,,,,,,,,,,,,,,,
,,,,,,,,,,,,,,,,,,,,,,,,
,,,,,,,,,,,,,,,,,,,,,,,,
,,,,,,,,,,,,,,,,,,,,,,,,
,,,,,,,,,,,,,,,,,,,,,,,,
,,,,,,,,,,,,,,,,,,,,,,,,
,,,,,,,,,,,,,,,,,,,,,,,,
,,,,,,,,,,,,,,,,,,,,,,,,
,,,,,,,,,,,,,,,,,,,,,,,,
,,,,,,,,,,,,,,,,,,,,,,,,
,,,,,,,,,,,,,,,,,,,,,,,,
,,,,,,,,,,,,,,,,,,,,,,,,
,,,,,,,,,,,,,,,,,,,,,,,,
,,,,,,,,,,,,,,,,,,,,,,,,
,,,,,,,,,,,,,,,,,,,,,,,,
,,,,,,,,,,,,,,,,,,,,,,,,
,,,,,,,,,,,,,,,,,,,,,,,,
,,,,,,,,,,,,,,,,,,,,,,,,
,,,,,,,,,,,,,,,,,,,,,,,,
,,,,,,,,,,,,,,,,,,,,,,,,
,,,,,,,,,,,,,,,,,,,,,,,,
,,,,,,,,,,,,,,,,,,,,,,,,
,,,,,,,,,,,,,,,,,,,,,,,,
,,,,,,,,,,,,,,,,,,,,,,,,
,,,,,,,,,,,,,,,,,,,,,,,,
,,,,,,,,,,,,,,,,,,,,,,,,
,,,,,,,,,,,,,,,,,,,,,,,,
,,,,,,,,,,,,,,,,,,,,,,,,
,,,,,,,,,,,,,,,,,,,,,,,,
,,,,,,,,,,,,,,,,,,,,,,,,
,,,,,,,,,,,,,,,,,,,,,,,,
,,,,,,,,,,,,,,,,,,,,,,,,
,,,,,,,,,,,,,,,,,,,,,,,,
,,,,,,,,,,,,,,,,,,,,,,,,
,,,,,,,,,,,,,,,,,,,,,,,,
,,,,,,,,,,,,,,,,,,,,,,,,
,,,,,,,,,,,,,,,,,,,,,,,,
,,,,,,,,,,,,,,,,,,,,,,,,
,,,,,,,,,,,,,,,,,,,,,,,,
,,,,,,,,,,,,,,,,,,,,,,,,
,,,,,,,,,,,,,,,,,,,,,,,,
,,,,,,,,,,,,,,,,,,,,,,,,
,,,,,,,,,,,,,,,,,,,,,,,,
,,,,,,,,,,,,,,,,,,,,,,,,
